<?xml version="1.0" encoding="UTF-8"?>
<!DOCTYPE tiles-definitions PUBLIC
       "-//Apache Software Foundation//DTD Tiles Configuration 3.0//EN"
       "http://tiles.apache.org/dtds/tiles-config_3_0.dtd">

<tiles-definitions>

	<!-- tiles 기본 레이아웃 (상단/사이드 메뉴 구성) -->
	<definition name="basicLayout" template="/WEB-INF/tiles/layout/basicLayout.jsp" preparer="net.ecbank.tiles.MenuViewPreparer">
		<put-attribute name="head" value="/WEB-INF/tiles/layout/basicHeader.jsp" />
		<put-attribute name="foot" value="/WEB-INF/tiles/layout/basicFooter.jsp" />
	</definition>
 	
 	<definition name="detailPopupLayout" template="/WEB-INF/tiles/layout/detailPopupLayout.jsp" preparer="net.ecbank.tiles.MenuViewPreparer">
		<put-attribute name="head" value="/WEB-INF/tiles/layout/basicHeader.jsp" />
	</definition>
 	
 	<definition name="searchPopupLayout" template="/WEB-INF/tiles/layout/searchPopupLayout.jsp" preparer="net.ecbank.tiles.MenuViewPreparer">
		<put-attribute name="head" value="/WEB-INF/tiles/layout/basicHeader.jsp" />
	</definition>
 	
	<definition name="/main/*" extends="basicLayout">
		<put-attribute name="content" value="/WEB-INF/jsp/main/{1}.jsp" />
	</definition>
	
	<definition name="/cmn/search*Pop" extends="searchPopupLayout">
		<put-attribute name="content" value="/WEB-INF/jsp/cmn/search{1}Pop.jsp" />
	</definition>
	
	<definition name="/cmn/*Pop" extends="detailPopupLayout">
		<put-attribute name="content" value="/WEB-INF/jsp/cmn/{1}Pop.jsp" />
	</definition>
	
	<definition name="/cmn/*" extends="basicLayout">
		<put-attribute name="content" value="/WEB-INF/jsp/cmn/{1}.jsp" />
	</definition>
	
	<definition name="sample/*Pop" extends="detailPopupLayout">
		<put-attribute name="content" value="/WEB-INF/jsp/sample/{1}Pop.jsp" />
	</definition>
	<definition name="/sample/*Pop" extends="detailPopupLayout">
		<put-attribute name="content" value="/WEB-INF/jsp/sample/{1}Pop.jsp" />
	</definition>
	
	<definition name="sample/*" extends="basicLayout">
		<put-attribute name="content" value="/WEB-INF/jsp/sample/{1}.jsp" />
	</definition>
	<definition name="/sample/*" extends="basicLayout">
		<put-attribute name="content" value="/WEB-INF/jsp/sample/{1}.jsp" />
	</definition>
	
	<definition name="/mng/*Pop" extends="detailPopupLayout">
		<put-attribute name="content" value="/WEB-INF/jsp/mng/{1}Pop.jsp" />
	</definition>
	
	<definition name="/mng/*" extends="basicLayout">
		<put-attribute name="content" value="/WEB-INF/jsp/mng/{1}.jsp" />
	</definition>
	
	<definition name="/procurement/*/*Pop" extends="detailPopupLayout">
		<put-attribute name="content" value="/WEB-INF/jsp/procurement/{1}/{2}Pop.jsp" />
	</definition>
	
	<definition name="/procurement/*/*" extends="basicLayout">
		<put-attribute name="content" value="/WEB-INF/jsp/procurement/{1}/{2}.jsp" />
	</definition>
	
	<definition name="/esourcing/*/*Pop" extends="detailPopupLayout">
		<put-attribute name="content" value="/WEB-INF/jsp/esourcing/{1}/{2}Pop.jsp" />
	</definition>
	
	<definition name="/esourcing/*/*" extends="basicLayout">
		<put-attribute name="content" value="/WEB-INF/jsp/esourcing/{1}/{2}.jsp" />
	</definition>























	
	<!-- <definition name="egovframework/com/uat/uia/EgovLoginUsr" extends="tilesLayout">
		<put-attribute name="content" value="/WEB-INF/jsp/egovframework/com/uat/uia/EgovLoginUsr.jsp" />
	</definition> -->
	
	
		
	<!-- 타일즈 미 적용 -->
	<!-- <definition name="normalLayout" template="/WEB-INF/jsp/layout/NormalLayout.jsp">
		<put-attribute name="NormalLayout" value="" />
	</definition>
	
	<definition name="*.jsp" extends="normalForm">
		<put-attribute name="NormalLayout" value="/WEB-INF/jsp/{1}.jsp" />
	</definition>
		
	<definition name="*/*.jsp" extends="normalForm">
		<put-attribute name="NormalLayout" value="/WEB-INF/jsp/{1}/{2}.jsp" />
	</definition> -->
	
</tiles-definitions>