<?xml version='1.0' encoding='UTF-8'?><wsdl:definitions xmlns:xsd="http://www.w3.org/2001/XMLSchema" xmlns:wsdl="http://schemas.xmlsoap.org/wsdl/" xmlns:tns="http://service.soap.srm/" xmlns:soap="http://schemas.xmlsoap.org/wsdl/soap/" xmlns:ns1="http://schemas.xmlsoap.org/soap/http" name="ERMM_001_ServiceImplService" targetNamespace="http://service.soap.srm/">
  <wsdl:types>
<xs:schema xmlns:xs="http://www.w3.org/2001/XMLSchema" xmlns:tns="http://service.soap.srm/" elementFormDefault="unqualified" targetNamespace="http://service.soap.srm/" version="1.0">

  <xs:element name="ermm001Service" type="tns:ermm001Service"/>

  <xs:element name="ermm001ServiceResponse" type="tns:ermm001ServiceResponse"/>

  <xs:complexType name="ermm001Service">
    <xs:sequence>
      <xs:element minOccurs="0" name="IFCODE" type="tns:ifCodeDto"/>
      <xs:element maxOccurs="unbounded" minOccurs="0" name="DATA" type="tns:ermm001Dto"/>
    </xs:sequence>
  </xs:complexType>

  <xs:complexType name="ifCodeDto">
    <xs:complexContent>
      <xs:extension base="tns:baseObject">
        <xs:sequence>
          <xs:element minOccurs="0" name="CRUD" type="xs:string"/>
          <xs:element minOccurs="0" name="GUBUN" type="xs:string"/>
          <xs:element minOccurs="0" name="LANG" type="xs:string"/>
          <xs:element minOccurs="0" name="SDATE" type="xs:string"/>
          <xs:element minOccurs="0" name="SERARCHKEY1" type="xs:string"/>
          <xs:element minOccurs="0" name="SERARCHKEY2" type="xs:string"/>
          <xs:element minOccurs="0" name="STIME" type="xs:string"/>
          <xs:element minOccurs="0" name="USERCD" type="xs:string"/>
        </xs:sequence>
      </xs:extension>
    </xs:complexContent>
  </xs:complexType>

  <xs:complexType name="baseObject">
    <xs:sequence/>
  </xs:complexType>

  <xs:complexType name="ermm001Dto">
    <xs:complexContent>
      <xs:extension base="tns:baseObject">
        <xs:sequence>
          <xs:element minOccurs="0" name="CATE_CD" type="xs:string"/>
          <xs:element minOccurs="0" name="CATE_EN_NM" type="xs:string"/>
          <xs:element minOccurs="0" name="CATE_LVL" type="xs:string"/>
          <xs:element minOccurs="0" name="CATE_NM" type="xs:string"/>
          <xs:element minOccurs="0" name="CRUD" type="xs:string"/>
          <xs:element minOccurs="0" name="REG_ID" type="xs:string"/>
          <xs:element minOccurs="0" name="UP_CATE_CD" type="xs:string"/>
          <xs:element minOccurs="0" name="USE_YN" type="xs:string"/>
        </xs:sequence>
      </xs:extension>
    </xs:complexContent>
  </xs:complexType>

  <xs:complexType name="ermm001ServiceResponse">
    <xs:sequence>
      <xs:element minOccurs="0" name="DATA" type="tns:returnMsgDto"/>
    </xs:sequence>
  </xs:complexType>

  <xs:complexType name="returnMsgDto">
    <xs:complexContent>
      <xs:extension base="tns:baseObject">
        <xs:sequence>
          <xs:element minOccurs="0" name="IFCODE" type="xs:string"/>
          <xs:element minOccurs="0" name="MSSAG" type="xs:string"/>
          <xs:element minOccurs="0" name="MSSCODE" type="xs:string"/>
        </xs:sequence>
      </xs:extension>
    </xs:complexContent>
  </xs:complexType>

</xs:schema>
  </wsdl:types>
  <wsdl:message name="ermm001ServiceResponse">
    <wsdl:part element="tns:ermm001ServiceResponse" name="parameters">
    </wsdl:part>
  </wsdl:message>
  <wsdl:message name="ermm001Service">
    <wsdl:part element="tns:ermm001Service" name="parameters">
    </wsdl:part>
  </wsdl:message>
  <wsdl:portType name="ERMM_001_Service">
    <wsdl:operation name="ermm001Service">
      <wsdl:input message="tns:ermm001Service" name="ermm001Service">
    </wsdl:input>
      <wsdl:output message="tns:ermm001ServiceResponse" name="ermm001ServiceResponse">
    </wsdl:output>
    </wsdl:operation>
  </wsdl:portType>
  <wsdl:binding name="ERMM_001_ServiceImplServiceSoapBinding" type="tns:ERMM_001_Service">
    <soap:binding style="document" transport="http://schemas.xmlsoap.org/soap/http"/>
    <wsdl:operation name="ermm001Service">
      <soap:operation soapAction="" style="document"/>
      <wsdl:input name="ermm001Service">
        <soap:body use="literal"/>
      </wsdl:input>
      <wsdl:output name="ermm001ServiceResponse">
        <soap:body use="literal"/>
      </wsdl:output>
    </wsdl:operation>
  </wsdl:binding>
  <wsdl:service name="ERMM_001_ServiceImplService">
    <wsdl:port binding="tns:ERMM_001_ServiceImplServiceSoapBinding" name="ERMM_001_ServiceImplPort">
      <soap:address location="http://10.247.246.24/ws/ERMM_001_Service"/>
    </wsdl:port>
  </wsdl:service>
</wsdl:definitions>